SECCION,COORD.,COLONIA,Lista Hombres,Lista Mujeres,% MUJERES LISTA NOMINAL,"LISTA
NOMINAL",% DE CONTRIBUCIÓN DE LISTA NOMINAL- PESO ELECTORAL,"RENTABILIDAD - PESO ELECTORAL
(ALTA: las que representan el 60% de contribución
MEDIA: 20%-40%
BAJA: 0%-20%)",Cantidad de casillas 2024,Cantidad de ubicaciones  Casillas,Total de la Lista Nominal 2024,Total de votos 2024,% Participación ciudadana 20212,Hector Castillo,%HC,Jesus Nava,%JN,Roberto Espinoza (Morena),%RE,Verde3,PT4,PES5,VIDA,Candidaturas NO registradas6,Votos Nulos7,Ganar,ganador1,VotosGanador,Diferencia
2002,CZ3 JORGE FRANCISCO MEDRANO SANCHEZ,"COLINAS DE SANTA CATARINA 
LA CONQUISTA 
LA ERMITA 
LOMAS DEL PONIENTE 2DO SECTOR 
MISION DE LAS VILLAS 
MISION DE LAS VILLAS SECTOR PANORAMICO 
MISION DE SANTA CATARINA 1ER SECTOR 
MISION DE SANTA CATARINA 2DO SECTOR 
MISION DE SANTA CATARINA 3ER SECTOR AZUL 
MISION DE SANTA CATARINA 3ER SECTOR DIAMANTE 
MISION DE SANTA CATARINA 4TO SECTOR 
MISION DE SANTA CATARINA SECTOR LOS PARQUES 
PRIVADA DE LA MISION 
VILLAS DEL MIRADOR",5716,5826,0.504765205,11763,0.049849557,Alta,22,2,11763,7291,0.619824875,3295,0.451927033,2997,0.411054725,599,0.082156083,84,105,34,55,5,117,PERDIDO,Hector Castillo,3295,0.040872308
2006,CZ6 NELSON AMAURY BARBOSA GONZALEZ,"ALTICA 
BALCONES DE SAN HUMBERTO 
CERRO DE LAS MITRAS (RAUL SALINAS LOZANO) 
CIMAS DE LAS MITRAS (AMPL RAUL SALINAS LOZANO) 
COOPERATIVA LA UNION 
LA ERMITA 
PASEO DE LAS MINAS 
PRADOS DE SAN JORGE 
PRADOS DEL SOL 
PRIVADAS DEL PTE 1 SECTOR 
PRIVADAS DEL PTE 2 SECTOR 
PRIVADAS DEL PTE 3 SECTOR 
PRIVADAS DEL PTE 4 SECTOR 
PRO VIVIENDA DEL PONIENTE 1 SECTOR 
PRO VIVIENDA DEL PONIENTE 2 SECTOR 
PRO VIVIENDA DEL PONIENTE 3 SECTOR 
SAN HUMBERTO 
VERTICE 
VILLAS DE SAN HUMBERTO",4444,4414,0.498306615,9007,0.038170106,Alta,12,1,9007,4920,0.546241812,2011,0.408739837,1791,0.36402439,724,0.147154472,108,78,18,51,1,138,PERDIDO,Hector Castillo,2011,0.044715447
2053,CZ20 MARIA DEL SOCORRO ESCAMILLA ALANIS,"ALFONSO MARTINEZ DOMINGUEZ 
ANDANTE PRIVADA RDCIAL 
BALCONES DE SANTA CATARINA ( FOMERREY 134) 
CENTRO DE SANTA CATARINA 
CERRADAS DE VALLE PLUS 
CERRADAS DEL VALLE 
EL CASTILLO 
LOMA PELONA 
PEDREGAL DE SANTA CATARINA 
PRADERAS DEL CASTILLO 
PRIVADA EL PINAL 
PRIVADA LAS FLORES 
PRIVADA OLIVOS 
PRIVADA ROBLE 
RDCIAL DE LA SIERRA SECTOR LOMAS 
RDCIAL EL CASTILLO 
REAL DEL VALLE 1ER SECTOR 
REAL DEL VALLE 2DO SECTOR 
REAL DEL VALLE 3ER SECTOR LAS NUBES 
REAL DEL VALLE SECTOR LOS ANGELES 
REAL DEL VALLE SECTOR MIRADOR 
SANTA MARTHA 2DO SECTOR",3499,3589,0.506348758,7195,0.030491164,Alta,12,2,7195,4660,0.647671994,1882,0.403862661,2000,0.429184549,493,0.105793991,61,75,39,23,3,84,GANADO,Jesus Nava,2000,0.025321888
2000,CZ2 OSWALDO PARTIDA CORTES,"LA CONQUISTA 
LAS SOMBRILLAS 
MISION DE LAS VILLAS 
REAL DE SANTA CATARINA 
SAN GILBERTO 
VISION DE LA HUASTECA",3550,3455,0.493219129,7074,0.029978387,Alta,10,1,7074,3708,0.524173028,1340,0.361380798,1483,0.399946063,557,0.15021575,94,85,19,26,1,103,GANADO,Jesus Nava,1483,0.038565265
2049,CZ16 FRANCISCO JAVIER ALONSO BERNAL,"BOSQUES DE SANTA CATARINA
LOMAS DE SANTA CATARINA
LOMAS DE SANTA CATARINA SECTOR EL EDEN
MIGUEL HIDALGO
MIRADOR DE LAS MITRAS
PRIVADA MONTEJO
PRIVADAS DE LA MONTAÑA
PRIVADAS DE SANTA CATARINA 1ER  SECTOR
PRIVADAS DE SANTA CATARINA, SECTOR ELITE
SIERRA MADRE
TORRES DE SANTA CATARINA
VISTAS DE LA  HUASTECA",3026,3058,0.502629849,6110,0.025893122,Alta,9,1,6110,3676,0.601636661,1283,0.349020675,1564,0.425462459,536,0.145810664,58,66,38,35,0,96,GANADO,Jesus Nava,1564,0.076441784
2003,CZ5 JUAN JESUS NAVARRO LOPEZ,"ALTICA
APICE
APICE DOS
APICE IV
APICE TRES
LA ERMITA
LOS PORTALES
MARTIRES DE CANANEA
PRADOS DEL REY
VILLAS DEL MIRADOR
Misión de Santa Catarina",3062,3021,0.496629952,6198,0.026266051,Alta,9,1,6198,3465,0.559051307,1338,0.386147186,1313,0.378932179,517,0.149206349,74,66,11,24,2,120,PERDIDO,Hector Castillo,1338,0.007215007
1999,CZ1 EFRAIN GARCIA SANDOVAL,"REAL DE SANTA CATARINA 
RINCON DE LAS PALMAS 
SAN GILBERTO",2989,3021,0.50266223,6088,0.02579989,Alta,9,1,6088,3348,0.549934297,1163,0.347371565,1389,0.414874552,499,0.149044205,69,63,20,35,1,109,GANADO,Jesus Nava,1389,0.067502987
2045,CZ18 MARIO ALBERTO MIRELES FRIAS,"CENTRO DE SANTA CATARINA
EL MOLINO
FRANCISCO NARANJO
JARDINES DE SANTA CATARINA
PRIVADA ENCINOS
ZIMIX
ZIMIX LEONES",2816,2870,0.504748505,5760,0.024409883,Alta,8,1,5760,3357,0.5828125,1153,0.343461424,1465,0.436401549,468,0.139410188,55,43,38,23,2,110,GANADO,Jesus Nava,1465,0.092940125
2048,CZ16 FRANCISCO JAVIER ALONSO BERNAL,"CORDILLERAS DEL VIRREY
LA PUERTA DE LA HUASTECA
LOMAS ALTAS 1ER SECTOR
LOMAS ALTAS 2DO SECTOR
LOMAS ALTAS 3ER SECTOR
LOMAS DE SANTA CATARINA
LOS VITRALES
PRADOS DE SANTA CATARINA
PRIVADAS LAS CATARINAS
SANTA CECILIA RDCIAL I",2183,2223,0.504539265,4459,0.01889647,Alta,6,1,4459,2729,0.612020632,854,0.312935141,1257,0.460608281,407,0.149138879,58,32,21,33,0,67,GANADO,Jesus Nava,1257,0.14767314
2009,CZ7 JOEL TORRES VAZQUEZ,"LOMAS DE LA FAMA
LOMAS DEL MIRADOR (ESFUERZO UNIDO)
PASEO DE LAS MINAS",2103,2112,0.501067616,4272,0.018103996,Alta,6,1,4272,1896,0.443820225,695,0.366561181,673,0.354957806,328,0.172995781,40,37,3,17,0,103,PERDIDO,Hector Castillo,695,0.011603375
2008,CZ7 JOEL TORRES VAZQUEZ,"CERRO DE LAS MITRAS (RAUL SALINAS LOZANO)
CIMAS DE LAS MITRAS (AMPL RAUL SALINAS LOZANO)
CIMAS DEL PONIENTE
EUGENIO CANAVATI
PASEO DE LAS MINAS",2076,2076,0.5,4184,0.017731068,Alta,6,1,4184,1808,0.432122371,616,0.340707965,590,0.326327434,361,0.199668142,62,48,5,19,0,107,PERDIDO,Hector Castillo,616,0.014380531
2019,CZ9 BRENDA YANETH ESPINOZA RIVAS,"HACIENDA LOS PORTALES
LOS PORTALES
VILLA PORTALES",1777,1771,0.499154453,3590,0.015213798,Alta,5,1,3590,2239,0.62367688,895,0.399732023,822,0.367128182,329,0.146940598,59,46,19,17,0,52,PERDIDO,Hector Castillo,895,0.032603841
2039,CZ11 ABRAHAM RODRIGUEZ MORENO,"COOPERATIVA UNION DEL NOROESTE
EL ESCORIAL
LABORES NUEVAS
LAS PALMAS
PRIVADA SAN ANTONIO
PRO VIVIENDA DEL PONIENTE 4 SECTOR
SARABIA
SENDEROS
TEPEYAC",1699,1797,0.514016018,3503,0.014845107,Alta,5,1,3503,1798,0.513274336,616,0.342602892,713,0.396551724,277,0.154060067,48,34,15,14,1,80,GANADO,Jesus Nava,713,0.053948832
2786,CZ13 CARLOS ALBERTO ALANIS PEREZ,"HACIENDA EL PALMAR
LAS PALMAS
LOS NOGALES
MISION DE SANTA CATARINA 4TO SECTOR
PRIVADA SAN PEDRO RESIDENCIAL
PRIVADAS DEL PARQUE
RINCON DEL PONIENTE
SANTA CATARINA
SARABIA",1691,1563,0.480331899,3336,0.01413739,Alta,9,3,3336,1830,0.548561151,544,0.29726776,848,0.463387978,304,0.166120219,25,26,9,22,0,52,GANADO,Jesus Nava,848,0.166120218
2797,CZ15 MARIO ALBERTO MUÑOZ URQUIZO,"PRIVADAS DE SANTA CATARINA 1ER  SECTOR
PRIVADAS DE SANTA CATARINA 2DO SECTOR
PRIVADAS DE SANTA CATARINA, SECTOR ELITE
PUERTA DE LAS MITRAS",1560,1589,0.504604636,3202,0.013569522,Alta,5,1,3202,2059,0.643035603,750,0.364254492,993,0.482272948,198,0.096163186,23,23,10,19,1,42,GANADO,Jesus Nava,993,0.118018456
2793,CZ14 JOSE FRANCISCO REYNA AGUIRRE,"ARROYO EL OBISPO
BOSQUES LA HUASTECA
REGIO PARQUE INDUSTRIAL
VILLALTA",1596,1543,0.491557821,3237,0.013717845,Alta,5,1,3237,1754,0.541859747,572,0.326111745,863,0.492018244,228,0.129988597,27,15,8,17,0,24,GANADO,Jesus Nava,863,0.165906499
2796,CZ15 MARIO ALBERTO MUÑOZ URQUIZO,"ARROYO EL OBISPO
DEL PONIENTE KALOS
LA PUERTA
PRIVADAS DE SANTA CATARINA 2DO SECTOR
PUERTA DE LAS MITRAS
RDCIAL SANTA  CATARINA 1ER, 2DO, 3ER Y 4TO SECTOR",1567,1508,0.490406504,3119,0.013217782,Alta,5,1,3119,1817,0.582558512,656,0.361034673,792,0.435883324,265,0.145844799,30,14,7,14,2,37,GANADO,Jesus Nava,792,0.074848651
2911,CZ11 ABRAHAM RODRIGUEZ MORENO,"COOPERATIVA UNION DEL NOROESTE
CUAUHTEMOC
HACIENDA SAN JOSE
INDUSTRIAL UNIDAD NACIONAL
LA JOYA
RDCIAL CUAUHTEMOC",1407,1441,0.505969101,2889,0.012243082,Alta,4,1,2889,1906,0.659743856,746,0.391395593,873,0.458027282,170,0.089192025,23,25,9,11,1,48,GANADO,Jesus Nava,873,0.066631689
2971,CZ17 HECTOR REYNALDO REYNA LARA,"CORDILLERAS DEL VIRREY
RDCIAL DE LA SIERRA SECTOR LOMAS",1443,1371,0.487206823,2875,0.012183752,Alta,4,1,2875,1477,0.51373913,409,0.276912661,652,0.441435342,270,0.182802979,71,22,15,12,0,26,GANADO,Jesus Nava,652,0.164522681
2788,CZ14 JOSE FRANCISCO REYNA AGUIRRE,"BOSQUES LA HUASTECA
HACIENDA EL PALMAR",1397,1341,0.489773557,2791,0.011827775,Alta,4,1,2791,1430,0.512361161,477,0.333566434,621,0.434265734,238,0.166433566,22,29,8,13,1,21,GANADO,Jesus Nava,621,0.1006993
2967,CZ17 HECTOR REYNALDO REYNA LARA,"CUMBRES DE SANTA CATARINA 1ER SECTOR
CUMBRES DE SANTA CATARINA 2DO SECTOR
CUMBRES DE SANTA CATARINA 3ER SECTOR
CUMBRES DE SANTA CATARINA 4TO SECTOR
DEL PONIENTE KALOS
LA PUERTA
LAS ANACUAS
LAS ANACUAS
PRADOS DE SANTA CATARINA
PUERTA DEL SOL
PUERTA DEL SOL
SANTA CECILIA RDCIAL II",1295,1325,0.505725191,2639,0.011183625,Alta,4,1,2639,1555,0.589238348,499,0.320900322,704,0.452733119,213,0.136977492,24,29,7,20,0,59,GANADO,Jesus Nava,704,0.131832797
2968,CZ17 HECTOR REYNALDO REYNA LARA,"CUMBRES DE SANTA CATARINA 2DO SECTOR
CUMBRES DE SANTA CATARINA 3ER SECTOR
CUMBRES DE SANTA CATARINA 4TO SECTOR
RDCIAL DE LA SIERRA
RDCIAL DE LA SIERRA SECTOR LOMAS",1271,1348,0.514700267,2640,0.011187863,Alta,4,1,2640,1563,0.592045455,457,0.292386436,692,0.442738324,271,0.173384517,20,52,9,16,0,46,GANADO,Jesus Nava,692,0.150351888
2001,CZ2 OSWALDO PARTIDA CORTES,"LAS SOMBRILLAS
SAN GILBERTO",1204,1204,0.5,2431,0.010302157,Alta,4,1,2431,1004,0.412998766,285,0.283864542,332,0.330677291,247,0.246015936,37,30,4,8,1,60,GANADO,Jesus Nava,332,0.046812749
2011,CZ7 JOEL TORRES VAZQUEZ,"ARBOLEDAS DE LAS MITRAS (CARLOS SALINAS DE GORTARI)
FAMA III
LOMAS DE LA FAMA
VALLES DE LAS MITRAS (AMPLIACION CARLOS SALINAS DE GORTARI)",1186,1220,0.507065669,2433,0.010310633,Alta,4,1,2433,1000,0.411015208,355,0.355,324,0.324,204,0.204,33,33,1,8,0,42,PERDIDO,Hector Castillo,355,0.031
2068,CZ21 ALEJANDRO MEDRANO GARCIA,"CENTRO DE SANTA CATARINA
RINCON DE LA HUASTECA
SAN GREGORIO
VIRGINIA TAFICH DE CANAVATI",1204,1185,0.496023441,2414,0.010230114,Alta,4,1,2414,1438,0.595691798,424,0.294853964,671,0.466620306,206,0.14325452,26,34,25,14,0,38,GANADO,Jesus Nava,671,0.171766342
2050,CZ17 HECTOR REYNALDO REYNA LARA,Hacienda Santa Catarina,1114,1122,0.501788909,2266,0.009602916,Alta,4,1,2266,1009,0.445278023,311,0.308225966,340,0.336967294,226,0.223984143,30,17,2,4,0,79,GANADO,Jesus Nava,340,0.028741328
2046,CZ18 MARIO ALBERTO MIRELES FRIAS,"ANTIGUA SANTA CATARINA
DEL PONIENTE KALOS
MARTEL
PUERTA DEL SOL
PUERTA DEL SOL
ZIMIX",1126,1088,0.491418248,2220,0.009407976,Alta,3,1,2220,1071,0.482432432,316,0.295051354,438,0.408963585,211,0.197012138,19,26,9,10,0,42,GANADO,Jesus Nava,438,0.113912231
2014,CZ8 HUGO EDUARDO CASTILLO GARAY,Fama III,1094,1092,0.499542543,2203,0.009335933,Alta,3,1,2203,1089,0.494325919,343,0.31496786,338,0.310376492,234,0.214876033,29,37,3,19,1,85,PERDIDO,Hector Castillo,343,0.004591368
2010,CZ7 JOEL TORRES VAZQUEZ,"ARBOLEDAS DE LAS MITRAS (CARLOS SALINAS DE GORTARI)
FAMA III
LOMAS DE LA FAMA",1099,1050,0.488599349,2161,0.009157944,Alta,3,3,2161,923,0.427117075,318,0.344528711,324,0.351029252,172,0.186348862,33,27,3,7,1,38,GANADO,Jesus Nava,324,0.006500541
2058,CZ9 BRENDA YANETH ESPINOZA RIVAS,"JOSE LOPEZ PORTILLO
PRO VIVIENDA DEL PONIENTE 1 SECTOR
SANTA MAGDALENA
UNION DE COLONOS",1115,1011,0.475540922,2151,0.009115566,Alta,4,2,2151,1126,0.523477452,394,0.34991119,314,0.278863233,260,0.230905861,15,65,7,7,0,64,PERDIDO,Hector Castillo,394,0.071047957
2914,CZ19 JUAN LUIS GUERRA MARES,"BOSQUES DEL PONIENTE
CENTRO DE SANTA CATARINA
EL LECHUGAL
INDUSTRIAS DEL PONIENTE
MARCO
PRIVADA GRANADAS
PRIVADA LA ESCONDIDA I
PRIVADA LA ESCONDIDA II
PRIVADA LOS ANGELES
VILLAS DE LA HUASTECA
VILLAS DEL PONIENTE II",1050,1074,0.505649718,2132,0.009035047,Alta,6,2,2132,1582,0.742026266,771,0.487357775,636,0.402022756,93,0.058786346,14,12,26,5,2,23,PERDIDO,Hector Castillo,771,0.085335019
2966,CZ17 HECTOR REYNALDO REYNA LARA,"LAS ANACUAS
PRADOS DE SANTA CATARINA
RDCIAL ROBLES",1019,1004,0.496292635,2023,0.008573124,Alta,3,1,2023,1147,0.566979733,390,0.340017437,509,0.443766347,169,0.147340889,19,25,6,9,0,20,GANADO,Jesus Nava,509,0.10374891
2007,CZ8 HUGO EDUARDO CASTILLO GARAY,RINCON DE LAS MITRAS (FOMERREY 2),1005,1013,0.501982161,2022,0.008568886,Alta,3,1,2022,847,0.418892186,277,0.3270366,232,0.27390791,195,0.230224321,32,25,5,10,0,71,PERDIDO,Hector Castillo,277,0.05312869
2015,CZ8 HUGO EDUARDO CASTILLO GARAY,"CIMAS DEL PONIENTE
EUGENIO CANAVATI
FAMA III
PASEO DE LAS MINAS",1031,982,0.487829111,2029,0.008598551,Alta,3,1,2029,974,0.480039428,305,0.313141684,281,0.288501027,228,0.234086242,40,23,6,10,1,80,PERDIDO,Hector Castillo,305,0.024640657
2912,CZ11 ABRAHAM RODRIGUEZ MORENO,"CUAUHTEMOC
INDUSTRIAL GOSSLER PERK
INDUSTRIAL MONTE DE LOS OLIVOS
INDUSTRIAL UNIDAD NACIONAL",975,1035,0.514925373,2027,0.008590075,Alta,3,1,2027,1224,0.603848051,411,0.335784314,511,0.41748366,199,0.162581699,24,21,4,14,1,39,GANADO,Jesus Nava,511,0.081699346
2051,CZ17 HECTOR REYNALDO REYNA LARA,HACIENDA SANTA CATARINA (FOMERREY 29),1035,972,0.484304933,2018,0.008551935,Alta,3,1,2018,959,0.475222993,254,0.264859228,283,0.295099062,272,0.28362878,40,26,5,12,1,66,GANADO,Jesus Nava,283,0.030239834
2916,CZ21 ALEJANDRO MEDRANO GARCIA,"27 DE MAYO
PRIVADA SAN PATRICIO
RDCIAL LA HUASTECA
SANTA CATALINA",996,937,0.484738748,1952,0.008272238,Media,3,1,1952,1101,0.564036885,394,0.357856494,461,0.418710263,144,0.130790191,23,11,20,9,0,39,GANADO,Jesus Nava,461,0.060853769
2077,CZ22 BLANCA ISABEL CERECERO OVIEDO,"LA HUASTECA
PEDREGAL DE LA HUASTECA
PEDREGAL VALLE PTE
PRIVADA MONTEJO
VISTAS DE LA  HUASTECA",960,969,0.502332815,1962,0.008314616,Media,3,1,1962,1186,0.604485219,487,0.410623946,435,0.366779089,139,0.117200675,20,22,10,11,0,62,PERDIDO,Hector Castillo,487,0.043844857
2018,CZ9 BRENDA YANETH ESPINOZA RIVAS,RINCON DE LAS MITRAS (FOMERREY 2),970,914,0.485138004,1895,0.008030682,Media,3,1,1895,888,0.468601583,301,0.338963964,262,0.295045045,198,0.222972973,35,18,9,8,1,56,PERDIDO,Hector Castillo,301,0.043918919
2075,CZ22 BLANCA ISABEL CERECERO OVIEDO,"27 DE MAYO
ENRIQUE RANGEL
PRIVADA VALLE PONIENTE
PRIVADAS SIERRA MADRE RDCIAL
SANTA CATARINA
VILLAS DE LA HUASTECA",919,961,0.511170213,1910,0.008094249,Media,3,1,1910,1220,0.638743455,432,0.354098361,514,0.421311475,178,0.145901639,27,11,10,6,1,41,GANADO,Jesus Nava,514,0.067213114
2064,CZ10 MARISOL  REYNA CASTILLO,"BENITO JUAREZ 1ERY 2DO SECTOR
EFIMEC
HUASTECA DEL VALLE II
JOSE MARIA MORELOS
LA CAMPANIA 1ER Y 2DO SECTOR
LA ESPAÑOLA
LA FAMA",957,915,0.488782051,1893,0.008022206,Media,4,2,1893,987,0.521394612,303,0.306990881,376,0.380952381,193,0.195542047,27,22,8,9,0,49,GANADO,Jesus Nava,376,0.0739615
2071,CZ21 ALEJANDRO MEDRANO GARCIA,"LAZARO CARDENAS
NUEVA SANTA CATARINA
RDCIAL PANORAMICA",895,970,0.520107239,1878,0.007958639,Media,3,1,1878,1086,0.57827476,388,0.357274401,420,0.386740331,166,0.152854512,22,23,14,8,1,44,GANADO,Jesus Nava,420,0.02946593
2060,CZ9 BRENDA YANETH ESPINOZA RIVAS,"FAMA IV
FAMA V
INDECO LA FAMA 1
JARDIN DE LAS MITRAS (FOMERREY 17)",946,878,0.481359649,1851,0.007844217,Media,3,1,1851,1024,0.553214479,394,0.384765625,354,0.345703125,165,0.161132813,34,27,4,6,0,40,PERDIDO,Hector Castillo,394,0.0390625
2052,CZ17 HECTOR REYNALDO REYNA LARA,HACIENDA SANTA CATARINA (FOMERREY 29),918,902,0.495604396,1841,0.007801839,Media,3,3,1841,860,0.467137425,173,0.201162791,235,0.273255814,328,0.381395349,28,34,3,2,0,57,PERDIDO,Roberto Espinoza,#N/D,0.072093023
2004,CZ5 JUAN JESUS NAVARRO LOPEZ,MARTIRES DE CANANEA,865,922,0.515948517,1819,0.007708607,Media,3,1,1819,1072,0.589334799,409,0.381529851,378,0.35261194,175,0.163246269,29,28,6,7,0,40,PERDIDO,Hector Castillo,409,0.028917911
2065,CZ10 MARISOL  REYNA CASTILLO,"BENITO JUAREZ 1ERY 2DO SECTOR
JOSE MARIA MORELOS
LA CAMPANIA 1ER Y 2DO SECTOR
MONTENEGRO
PROTEXA 1ER Y 2DO SECTOR",856,891,0.510017172,1735,0.00735263,Media,3,1,1735,1135,0.654178674,420,0.370044053,468,0.412334802,143,0.125991189,20,25,15,8,1,35,GANADO,Jesus Nava,468,0.042290749
2792,CZ14 JOSE FRANCISCO REYNA AGUIRRE,BOSQUES LA HUASTECA,849,861,0.503508772,1749,0.007411959,Media,3,1,1749,864,0.493996569,276,0.319444444,392,0.453703704,146,0.168981481,15,5,3,4,0,23,GANADO,Jesus Nava,392,0.13425926
2033,CZ2 OSWALDO PARTIDA CORTES,SAN GILBERTO,864,845,0.494441194,1728,0.007322965,Media,3,3,1728,792,0.458333333,200,0.252525253,247,0.311868687,210,0.265151515,29,42,5,8,1,50,GANADO,Jesus Nava,247,0.059343434
2032,CZ4 JOSE LUIS GAMEZ PEREZ,"LOMAS DEL PONIENTE 1ER SECTOR
LOMAS DEL PONIENTE 2DO SECTOR
SAN GILBERTO",860,838,0.49352179,1712,0.00725516,Media,3,1,1712,849,0.495911215,319,0.37573616,267,0.314487633,156,0.183745583,27,28,4,9,0,39,PERDIDO,Hector Castillo,319,0.061248527
2070,CZ20 MARIA DEL SOCORRO ESCAMILLA ALANIS,"MIRADOR DE SANTA CATARINA (FOMERREY 137)
SANTA MARTHA 1ER SECTOR
SANTA MARTHA 2DO SECTOR",844,835,0.497319833,1687,0.007149214,Media,3,1,1687,779,0.461766449,222,0.284980745,299,0.383825417,133,0.170731707,26,27,13,7,0,52,GANADO,Jesus Nava,299,0.098844672
2066,CZ10 MARISOL  REYNA CASTILLO,"BALCONES A LA HUASTECA
EL BLANQUEO
EL LECHUGAL
JOSE MARIA MORELOS
MONTENEGRO
PROTEXA 1ER Y 2DO SECTOR",815,863,0.514302741,1700,0.007204306,Media,3,1,1700,1054,0.62,398,0.377609108,428,0.406072106,129,0.122390892,19,21,13,10,0,36,GANADO,Jesus Nava,428,0.028462998
2069,CZ20 MARIA DEL SOCORRO ESCAMILLA ALANIS,"CENTRO DE SANTA CATARINA
NUEVA SANTA CATARINA
SANTA MARTHA 2DO SECTOR",813,826,0.503965833,1638,0.00694156,Media,2,2,1638,983,0.6001221,322,0.327568667,390,0.396744659,139,0.141403866,15,31,17,12,0,57,GANADO,Jesus Nava,390,0.069175992
2790,CZ14 JOSE FRANCISCO REYNA AGUIRRE,BOSQUES LA HUASTECA,846,774,0.477777778,1666,0.00706022,Media,3,1,1666,924,0.554621849,320,0.346320346,394,0.426406926,148,0.16017316,15,17,1,8,0,21,GANADO,Jesus Nava,394,0.08008658
2016,CZ8 HUGO EDUARDO CASTILLO GARAY,"FAMA III
INDECO LA FAMA 1",813,789,0.492509363,1603,0.006793236,Media,3,1,1603,954,0.595134124,398,0.417190776,271,0.284067086,178,0.186582809,20,24,6,10,0,47,PERDIDO,Hector Castillo,398,0.13312369
2038,CZ11 ABRAHAM RODRIGUEZ MORENO,SAN FRANCISCO,818,772,0.485534591,1602,0.006788999,Media,3,1,1602,746,0.465667915,198,0.26541555,263,0.352546917,168,0.225201072,26,36,2,5,0,48,GANADO,Jesus Nava,263,0.087131367
2789,CZ13 CARLOS ALBERTO ALANIS PEREZ,LOS VIÑEDOS,823,754,0.478123018,1595,0.006759334,Media,3,1,1595,910,0.570532915,308,0.338461538,407,0.447252747,162,0.178021978,7,7,5,5,0,9,GANADO,Jesus Nava,407,0.108791209
2787,CZ13 CARLOS ALBERTO ALANIS PEREZ,LOS VIÑEDOS,820,735,0.47266881,1574,0.006670339,Media,3,1,1574,964,0.612452351,327,0.339211618,443,0.459543568,139,0.144190871,17,8,4,10,0,16,GANADO,Jesus Nava,443,0.12033195
2031,CZ4 JOSE LUIS GAMEZ PEREZ,"ADOLFO LOPEZ MATEOS
LOMAS DEL PONIENTE 1ER SECTOR",769,778,0.502908856,1560,0.00661101,Media,4,2,1560,985,0.631410256,346,0.351269036,344,0.349238579,190,0.192893401,17,22,4,8,0,54,PERDIDO,Hector Castillo,346,0.002030457
2027,CZ4 JOSE LUIS GAMEZ PEREZ,ADOLFO LOPEZ MATEOS,747,788,0.513355049,1554,0.006585583,Media,3,3,1554,985,0.633848134,352,0.357360406,374,0.379695431,146,0.14822335,24,20,3,12,0,54,GANADO,Jesus Nava,374,0.022335025
2063,CZ10 MARISOL  REYNA CASTILLO,"EFIMEC
HUASTECA DEL VALLE I
LA CONCORDIA
LA ERMITA
LA FAMA
LAS VIVENZIAS
PARQUES DE LA FAMA",757,775,0.505874674,1545,0.006547442,Media,3,1,1545,959,0.620711974,404,0.421272158,338,0.352450469,132,0.137643379,18,21,2,11,0,33,PERDIDO,Hector Castillo,404,0.068821689
2034,CZ1 EFRAIN GARCIA SANDOVAL,SAN GILBERTO,778,708,0.476446837,1506,0.006382167,Media,3,1,1506,649,0.430942895,223,0.343605547,204,0.314329738,155,0.238828968,15,24,3,5,0,20,PERDIDO,Hector Castillo,223,0.029275809
2028,CZ4 JOSE LUIS GAMEZ PEREZ,ADOLFO LOPEZ MATEOS,716,768,0.517520216,1488,0.006305886,Media,2,1,1488,914,0.614247312,374,0.409190372,317,0.346827133,132,0.144420131,15,30,3,10,0,33,PERDIDO,Hector Castillo,374,0.062363239
2913,CZ19 JUAN LUIS GUERRA MARES,"BOSQUES DEL PONIENTE
CENTRO DE SANTA CATARINA
LAS MARGARITAS
PASEO DEL PRADO
RINCON DE LAS HUERTAS 1 SECTOR
RINCON DE LAS HUERTAS 2 SECTOR
RINCON DE LAS HUERTAS 3 SECTOR
VALLE DE SANTA CRUZ RDCIAL
VILLAS DE LAS HUERTAS",715,756,0.513936098,1500,0.00635674,Media,4,2,1500,1158,0.772,588,0.507772021,462,0.398963731,47,0.040587219,24,7,17,1,0,12,PERDIDO,Hector Castillo,588,0.10880829
2791,CZ13 CARLOS ALBERTO ALANIS PEREZ,LOS VIÑEDOS,725,745,0.506802721,1502,0.006365216,Media,3,1,1502,931,0.619840213,280,0.30075188,505,0.542427497,101,0.108485499,7,8,3,10,0,17,GANADO,Jesus Nava,505,0.241675617
2005,CZ6 NELSON AMAURY BARBOSA GONZALEZ,"MARTIRES DE CANANEA
SAN HUMBERTO",719,749,0.510217984,1476,0.006255032,Baja,2,1,1476,912,0.617886179,391,0.42872807,322,0.353070175,124,0.135964912,15,12,5,8,0,35,PERDIDO,Hector Castillo,391,0.075657895
2035,CZ1 EFRAIN GARCIA SANDOVAL,SAN GILBERTO,736,717,0.493461803,1462,0.006195703,Baja,2,2,1462,602,0.411764706,206,0.342192691,173,0.287375415,145,0.240863787,20,20,1,3,0,34,PERDIDO,Hector Castillo,206,0.054817276
2013,CZ8 HUGO EDUARDO CASTILLO GARAY,FAMA II,691,750,0.520471895,1451,0.006149087,Baja,2,1,1451,898,0.618883529,374,0.416481069,298,0.331848552,142,0.158129176,21,16,3,6,0,38,PERDIDO,Hector Castillo,374,0.084632517
2036,CZ1 EFRAIN GARCIA SANDOVAL,RINCON DEL PONIENTE,696,714,0.506382979,1431,0.00606433,Baja,2,1,1431,798,0.557651992,291,0.364661654,298,0.373433584,134,0.167919799,16,25,6,3,0,25,GANADO,Jesus Nava,298,0.00877193
2074,CZ22 BLANCA ISABEL CERECERO OVIEDO,"COLONIA
UNIDAD HABITACIONAL
UNIDAD HABITACIONAL
UNIDAD HABITACIONAL",689,717,0.509957326,1422,0.00602619,Baja,2,1,1422,900,0.632911392,293,0.325555556,405,0.45,135,0.15,13,11,8,2,1,32,GANADO,Jesus Nava,405,0.124444444
2037,CZ1 EFRAIN GARCIA SANDOVAL,RINCON DEL PONIENTE,721,675,0.483524355,1412,0.005983812,Baja,2,2,1412,747,0.529036827,271,0.362784471,316,0.423025435,103,0.137884873,26,10,3,5,0,13,GANADO,Jesus Nava,316,0.060240964
2078,CZ22 BLANCA ISABEL CERECERO OVIEDO,"ENRIQUE RANGEL
LA HUASTECA
PRIVADAS SIERRA MADRE RDCIAL
SANTA CATARINA",696,690,0.497835498,1391,0.005894817,Baja,2,1,1391,848,0.609633357,255,0.300707547,347,0.409198113,170,0.200471698,15,8,9,6,0,38,GANADO,Jesus Nava,347,0.108490566
2029,CZ4 JOSE LUIS GAMEZ PEREZ,ADOLFO LOPEZ MATEOS,655,729,0.526734104,1401,0.005937195,Baja,2,1,1401,921,0.65738758,377,0.409337676,307,0.333333333,124,0.134636265,16,37,4,5,2,49,PERDIDO,Hector Castillo,377,0.076004343
2030,CZ4 JOSE LUIS GAMEZ PEREZ,ADOLFO LOPEZ MATEOS,665,719,0.519508671,1386,0.005873628,Baja,2,1,1386,902,0.650793651,370,0.410199557,288,0.319290466,169,0.187361419,19,15,3,4,0,34,PERDIDO,Hector Castillo,370,0.090909091
2795,CZ15 MARIO ALBERTO MUÑOZ URQUIZO,"ARROYO EL OBISPO
DEL PONIENTE KALOS
LA PUERTA
MARFER
MARTEL
PUERTA DEL SOL
PUERTA DEL SOL
RDCIAL SANTA  CATARINA 1ER, 2DO, 3ER Y 4TO SECTOR
REGIO PARQUE INDUSTRIAL
SANTA CATARINA
UNIDAD NACIONAL 2
VILLALTA",711,673,0.486271676,1403,0.005945671,Baja,2,1,1403,825,0.588025659,261,0.316363636,417,0.505454545,89,0.107878788,14,6,1,9,2,26,GANADO,Jesus Nava,417,0.189090909
2044,CZ19 JUAN LUIS GUERRA MARES,"ARVORE
CENTRO DE SANTA CATARINA
EL MOLINO
PRIVADA SAN MIGUEL",673,700,0.509832484,1380,0.005848201,Baja,2,1,1380,897,0.65,311,0.34671126,414,0.461538462,102,0.113712375,17,4,8,4,0,37,GANADO,Jesus Nava,414,0.114827202
2970,CZ17 HECTOR REYNALDO REYNA LARA,"BALCONES DE SANTA CATARINA ( FOMERREY 134)
LUIS ECHEVERRIA",693,659,0.487426036,1359,0.005759207,Baja,2,1,1359,666,0.490066225,189,0.283783784,222,0.333333333,162,0.243243243,22,21,1,5,0,44,GANADO,Jesus Nava,222,0.049549549
2061,CZ9 BRENDA YANETH ESPINOZA RIVAS,TRABAJADORES,682,669,0.495188749,1376,0.00583125,Baja,2,1,1376,780,0.566860465,266,0.341025641,232,0.297435897,171,0.219230769,29,21,6,6,0,49,PERDIDO,Hector Castillo,266,0.043589744
2056,CZ19 JUAN LUIS GUERRA MARES,"AURORA
INDUSTRIAS DEL PONIENTE",662,683,0.507806691,1353,0.00573378,Baja,2,1,1353,913,0.674796748,349,0.382256298,417,0.456736035,77,0.084337349,15,7,15,5,0,28,GANADO,Jesus Nava,417,0.074479737
2076,CZ22 BLANCA ISABEL CERECERO OVIEDO,LA HUASTECA,658,677,0.507116105,1329,0.005632072,Baja,2,1,1329,733,0.551542513,219,0.298772169,293,0.399727149,140,0.190995907,17,9,9,3,1,42,GANADO,Jesus Nava,293,0.10095498
2021,CZ5 JUAN JESUS NAVARRO LOPEZ,MARTIRES DE CANANEA,635,695,0.522556391,1326,0.005619358,Baja,2,2,1326,765,0.576923077,285,0.37254902,245,0.320261438,156,0.203921569,16,23,3,5,0,32,PERDIDO,Hector Castillo,285,0.052287582
2054,CZ20 MARIA DEL SOCORRO ESCAMILLA ALANIS,"CENTRO DE SANTA CATARINA
SANTA MARTHA 2DO SECTOR",654,666,0.504545455,1331,0.005640548,Baja,2,1,1331,751,0.564237415,219,0.291611185,320,0.426098535,118,0.157123835,14,13,27,6,1,33,GANADO,Jesus Nava,320,0.13448735
2969,CZ17 HECTOR REYNALDO REYNA LARA,"CORDILLERAS DEL VIRREY
LAS NUBES
LUIS ECHEVERRIA
PUERTA DEL SOL
PUERTA DEL SOL
RDCIAL DE LA SIERRA
RDCIAL DE LA SIERRA SECTOR LOMAS",627,639,0.504739336,1293,0.00547951,Baja,2,1,1293,821,0.634957463,278,0.338611449,341,0.415347138,132,0.160779537,17,16,5,6,0,26,GANADO,Jesus Nava,341,0.076735689
2059,CZ9 BRENDA YANETH ESPINOZA RIVAS,TRABAJADORES,631,607,0.490306947,1252,0.005305759,Baja,2,1,1252,678,0.541533546,279,0.411504425,177,0.261061947,142,0.209439528,25,20,1,5,0,29,PERDIDO,Hector Castillo,279,0.150442478
2067,CZ21 ALEJANDRO MEDRANO GARCIA,"AURORITA
LAS SIERRAS
SANTA CATALINA
SANTA JULIA",604,611,0.502880658,1235,0.005233716,Baja,2,1,1235,884,0.715789474,282,0.319004525,418,0.472850679,100,0.113122172,16,14,24,6,0,24,GANADO,Jesus Nava,418,0.153846154
2798,CZ19 JUAN LUIS GUERRA MARES,"EL FRUTAL
EL MOLINO
NORBERTO AGUIRRE PALANCARES
PIO XII
SARABIA",606,603,0.498759305,1213,0.005140484,Baja,2,1,1213,657,0.541632317,188,0.286149163,297,0.452054795,109,0.165905632,13,12,3,8,0,27,GANADO,Jesus Nava,297,0.165905632
2055,CZ19 JUAN LUIS GUERRA MARES,"29 DE JULIO
ALBIA RESIDENCIAL
CENTRO DE SANTA CATARINA
INDUSTRIAS DEL PONIENTE
PRIVADA SAN MIGUEL LA HUASTECA
PRIVADA VISTAS A LA SIERRA",588,604,0.506711409,1212,0.005136246,Baja,2,1,1212,764,0.630363036,274,0.358638743,324,0.42408377,79,0.103403141,11,11,42,5,0,18,GANADO,Jesus Nava,324,0.065445027
2915,CZ21 ALEJANDRO MEDRANO GARCIA,"27 DE MAYO
SANTA CATALINA
SANTA JULIA
VIRGINIA TAFICH DE CANAVATI",583,608,0.510495382,1210,0.00512777,Baja,2,1,1210,646,0.533884298,174,0.269349845,330,0.510835913,81,0.125386997,10,10,10,5,0,26,GANADO,Jesus Nava,330,0.241486068
2022,CZ4 JOSE LUIS GAMEZ PEREZ,ADOLFO LOPEZ MATEOS,575,595,0.508547009,1173,0.004970971,Baja,2,1,1173,744,0.6342711,226,0.303763441,314,0.422043011,140,0.188172043,10,15,4,10,0,25,GANADO,Jesus Nava,314,0.11827957
2072,CZ21 ALEJANDRO MEDRANO GARCIA,"LA HUASTECA
LAZARO CARDENAS",586,581,0.497857755,1180,0.005000636,Baja,2,1,1180,644,0.545762712,207,0.321428571,278,0.431677019,85,0.131987578,8,15,7,4,0,40,GANADO,Jesus Nava,278,0.110248448
2012,CZ8 HUGO EDUARDO CASTILLO GARAY,FAMA II,566,580,0.506108202,1165,0.004937068,Baja,2,2,1165,690,0.592274678,300,0.434782609,210,0.304347826,114,0.165217391,19,12,2,7,0,26,PERDIDO,Hector Castillo,300,0.130434783
2020,CZ5 JUAN JESUS NAVARRO LOPEZ,MARTIRES DE CANANEA,500,525,0.512195122,1034,0.004381913,Baja,2,1,1034,653,0.631528046,252,0.385911179,213,0.32618683,120,0.183767228,15,15,3,5,0,30,PERDIDO,Hector Castillo,252,0.059724349
2043,CZ19 JUAN LUIS GUERRA MARES,"CENTRO DE SANTA CATARINA
REAL DE MINAS",468,518,0.52535497,990,0.004195449,Baja,2,1,990,593,0.598989899,215,0.362563238,247,0.416526138,80,0.134907251,8,8,9,3,0,23,GANADO,Jesus Nava,247,0.0539629
2083,CZ10 MARISOL  REYNA CASTILLO,"ESTACION LA LEONA
LA FAMA
PRIVADA ANTIGUA",522,432,0.452830189,967,0.004097979,Baja,2,1,967,547,0.565667011,147,0.268738574,222,0.405850091,116,0.212065814,9,9,9,20,0,15,GANADO,Jesus Nava,222,0.137111517
2082,CZ12 MARIA DEL CARMEN ARELLANO GARZA,"IDELFONSO VAZQUEZ
JESUS M GARZA
JOSE MARIA MORELOS
LA BARRICA
LA FAMA",501,445,0.470401691,954,0.004042887,Baja,2,1,954,473,0.495807128,121,0.255813953,180,0.380549683,114,0.241014799,11,13,0,16,0,18,GANADO,Jesus Nava,180,0.12473573
2023,CZ4 JOSE LUIS GAMEZ PEREZ,ADOLFO LOPEZ MATEOS,386,442,0.533816425,833,0.00353011,Baja,2,1,833,570,0.684273709,273,0.478947368,214,0.375438596,49,0.085964912,8,7,1,2,0,16,PERDIDO,Hector Castillo,273,0.103508772
2026,CZ4 JOSE LUIS GAMEZ PEREZ,ADOLFO LOPEZ MATEOS,360,396,0.523809524,753,0.003191084,Baja,2,1,753,528,0.701195219,268,0.507575758,165,0.3125,45,0.085227273,15,8,2,5,0,20,PERDIDO,Hector Castillo,268,0.195075758
2062,CZ10 MARISOL  REYNA CASTILLO,"ESTACION LA LEONA
LA FAMA
PRIVADAS ACUEDUCTO",364,361,0.497931034,736,0.003119041,Baja,1,1,736,471,0.639945652,254,0.539278132,126,0.267515924,57,0.121019108,4,8,1,7,0,14,PERDIDO,Hector Castillo,254,0.271762208
2794,CZ15 MARIO ALBERTO MUÑOZ URQUIZO,"ARROYO EL OBISPO
EL OBISPO
HACIENDA EL PALMAR
PRIVADAS DE SANTA CATARINA 1ER  SECTOR
PRIVADAS DE SANTA CATARINA 2DO SECTOR
PRIVADAS DE SANTA CATARINA, SECTOR ELITE",352,337,0.489114659,702,0.002974954,Baja,1,1,702,497,0.707977208,189,0.38028169,257,0.517102616,30,0.060362173,4,4,7,1,0,5,GANADO,Jesus Nava,257,0.136820926
2025,CZ4 JOSE LUIS GAMEZ PEREZ,ADOLFO LOPEZ MATEOS,301,355,0.541158537,669,0.002835106,Baja,1,1,669,461,0.689088191,219,0.47505423,144,0.312364425,66,0.143167028,11,1,2,3,0,15,PERDIDO,Hector Castillo,219,0.162689805
2057,CZ10 MARISOL  REYNA CASTILLO,"EL LECHUGAL
INDUSTRIAL UNIDAD NACIONAL
JARDINES DE LA FAMA
LA CAMPANIA 1ER Y 2DO SECTOR
LOS TREVIÑO
PRIVADA RDCIAL ONDARA
VALLE DE LA SIERRA",294,326,0.525806452,614,0.002602026,Baja,1,1,614,465,0.75732899,272,0.584946237,138,0.296774194,37,0.079569892,4,4,0,2,0,8,PERDIDO,Hector Castillo,272,0.288172043
2024,CZ4 JOSE LUIS GAMEZ PEREZ,ADOLFO LOPEZ MATEOS,237,292,0.551984877,534,0.002263,Baja,1,1,534,387,0.724719101,151,0.390180879,150,0.387596899,61,0.157622739,5,2,4,3,0,11,PERDIDO,Hector Castillo,151,0.00258398
2017,CZ8 HUGO EDUARDO CASTILLO GARAY,"INDECO LA FAMA 1
RINCON DE LAS MITRAS (FOMERREY 2)",211,194,0.479012346,410,0.001737509,Baja,1,1,410,164,0.4,41,0.25,57,0.347560976,40,0.243902439,5,5,0,1,0,15,GANADO,Jesus Nava,57,0.097560976
2079,CZ12 MARIA DEL CARMEN ARELLANO GARZA,,,,,,,,,,,,,1339,0.607256236,603,0.273469388,,,,,,,,,PERDIDO,Hector Castillo,1339,0.333786848
2080,CZ12 MARIA DEL CARMEN ARELLANO GARZA,,,,,,,,,,,,,399,0.438461538,249,0.273626374,,,,,,,,,PERDIDO,Hector Castillo,399,0.164835165
2081,CZ12 MARIA DEL CARMEN ARELLANO GARZA,,,,,,,,,,,,,964,0.576555024,396,0.236842105,,,,,,,,,PERDIDO,Hector Castillo,964,0.339712919
2084,CZ12 MARIA DEL CARMEN ARELLANO GARZA,,,,,,,,,,,,,97,0.42920354,72,0.318584071,,,,,,,,,PERDIDO,Hector Castillo,97,0.110619469
2085,CZ12 MARIA DEL CARMEN ARELLANO GARZA,,,,,,,,,,,,,20,0.540540541,0,0,,,,,,,,,PERDIDO,Hector Castillo,20,0.540540541
